<data><row><id>1</id><firstname>nirlep</firstname><lastname>kathiriya</lastname><username>nirlep21</username><password>1234</password></row>
<row><id>2</id><firstname>brijesh</firstname><lastname>kalathiya</lastname><username>brijesh21</username><password>1234</password></row>
<row><id>3</id><firstname>priyank</firstname><lastname>vora</lastname><username>priyank21</username><password>1234</password></row>
<row><id>4</id><firstname>ronak</firstname><lastname>patel</lastname><username>ronak21</username><password>1234</password></row>
</data>