<?xml version="1.0" encoding="UTF-8"?>


<!DOCTYPE hibernate-mapping PUBLIC 
"-//Hibernate/Hibernate Mapping DTD 3.0//EN"
"http://hibernate.sourceforge.net/hibernate-mapping-3.0.dtd">

<hibernate-mapping>
	<class name="VO.regvo" table="first">
	
	<id name="id" type="int" column="id">
		<generator class="increment"/>
	</id>
	
	<property name="fn">
		<column name="firstname"/>
	</property>
	
	<property name="ln">
		<column name="lastname"/>
	</property>
	
	<property name="un">
		<column name="username"/>
	</property>
	
	<property name="pw">
		<column name="password"/>
	</property>
	
	</class>
</hibernate-mapping>