<data><row><id>1</id><firstname>nirlep</firstname><lastname>kathiriya</lastname><username>nirlep21</username><password>1234</password></row>
<row><id>2</id><firstname>brijesh</firstname><lastname>kalathiya</lastname><username>brijesh21</username><password>1234</password></row>
<row><id>5</id><firstname>ronak</firstname><lastname>patel</lastname><username>ronak21</username><password>1234</password></row>
<row><id>16</id><firstname>dhruvik</firstname><lastname>patel</lastname><username>dhruvik21</username><password>1234</password></row>
<row><id>18</id><firstname>sunny</firstname><lastname>patel</lastname><username>sunny21</username><password>1234</password></row>
<row><id>19</id><firstname>saumil</firstname><lastname>unknown</lastname><username>saumil21</username><password>1234</password></row>
</data>